"STATE/UT","CRIME HEAD","2001","2002","2003","2004","2005","2006","2007","2008","2009","2010","2011","2012"
"ANDHRA PRADESH","RAPE",871,1002,946,1016,935,1049,1070,1257,1188,1362,1442,1341
"ARUNACHAL PRADESH","RAPE",33,38,31,42,35,37,48,42,59,47,42,46
"ASSAM","RAPE",817,970,1095,1171,1238,1244,1437,1438,1631,1721,1700,1716
"BIHAR","RAPE",888,1040,985,1390,1147,1232,1555,1302,929,795,934,927
"CHHATTISGARH","RAPE",959,992,898,969,990,995,982,978,976,1012,1053,1034
"GOA","RAPE",12,12,31,37,20,21,20,30,47,36,29,55
"GUJARAT","RAPE",286,267,236,339,324,354,316,374,433,408,439,473
"HARYANA","RAPE",398,361,353,386,461,608,488,631,603,720,733,668
"HIMACHAL PRADESH","RAPE",124,137,126,153,141,113,159,157,183,160,168,183
"JAMMU & KASHMIR","RAPE",169,192,211,218,201,250,288,219,237,245,277,303
"JHARKHAND","RAPE",567,797,712,797,753,799,855,791,719,773,784,812
"KARNATAKA","RAPE",293,292,321,291,343,400,436,446,509,586,636,621
"KERALA","RAPE",562,499,394,480,478,601,512,568,568,634,1132,1019
"MADHYA PRADESH","RAPE",2851,2891,2738,2875,2921,2900,3010,2937,2998,3135,3406,3425
"MAHARASHTRA","RAPE",1302,1352,1268,1388,1545,1500,1451,1558,1483,1599,1701,1839
"MANIPUR","RAPE",20,14,18,31,25,40,20,38,31,34,53,63
"MEGHALAYA","RAPE",26,38,40,54,63,74,82,88,112,149,130,164
"MIZORAM","RAPE",52,76,54,20,37,72,83,77,83,92,77,103
"NAGALAND","RAPE",17,17,14,18,17,23,13,19,22,16,23,21
"ODISHA","RAPE",790,691,725,770,799,985,939,1113,1023,1025,1112,1458
"PUNJAB","RAPE",298,299,380,390,398,442,519,517,511,546,479,680
"RAJASTHAN","RAPE",1049,1051,1050,1038,993,1085,1238,1355,1519,1571,1800,2049
"SIKKIM","RAPE",8,6,10,3,18,20,24,20,18,18,16,34
"TAMIL NADU","RAPE",423,534,557,618,571,457,523,573,596,686,677,737
"TRIPURA","RAPE",102,108,114,160,162,189,157,204,190,238,205,229
"UTTAR PRADESH","RAPE",1958,1415,911,1397,1217,1314,1648,1871,1759,1563,2042,1963
"UTTARAKHAND","RAPE",74,89,107,115,133,147,117,87,111,121,129,148
"WEST BENGAL","RAPE",709,759,1002,1475,1686,1731,2106,2263,2336,2311,2363,2046
"TOTAL (STATES)","RAPE",15658,15939,15327,17641,17651,18682,20096,20953,20874,21603,23582,24157
"A & N ISLANDS","RAPE",3,2,2,10,4,6,3,12,18,24,13,12
"CHANDIGARH","RAPE",18,18,18,19,33,19,22,20,29,31,27,27
"D & N HAVELI","RAPE",6,4,1,7,5,6,7,6,4,3,4,3
"DAMAN & DIU","RAPE",0,0,5,1,2,3,1,0,1,1,1,5
"DELHI","RAPE",381,403,490,551,658,623,598,466,469,507,572,706
"LAKSHADWEEP","RAPE",0,1,2,0,0,0,1,2,1,0,0,0
"PUDUCHERRY","RAPE",9,6,2,4,6,9,9,8,1,3,7,13
"TOTAL (UTs)","RAPE",417,434,520,592,708,666,641,514,523,569,624,766
"TOTAL (ALL-INDIA)","RAPE",16075,16373,15847,18233,18359,19348,20737,21467,21397,22172,24206,24923
"ANDHRA PRADESH","KIDNAPPING and ABDUCTION",765,854,931,1030,995,1329,1564,1396,1526,1531,1612,1403
"ARUNACHAL PRADESH","KIDNAPPING and ABDUCTION",55,38,51,41,39,51,44,47,28,46,60,58
"ASSAM","KIDNAPPING and ABDUCTION",1070,1276,1351,1552,1456,1544,1471,1789,2092,2767,3192,3360
"BIHAR","KIDNAPPING and ABDUCTION",518,744,674,997,929,1084,1260,1789,1986,2569,3050,3789
"CHHATTISGARH","KIDNAPPING and ABDUCTION",171,154,149,174,184,178,181,216,229,279,365,350
"GOA","KIDNAPPING and ABDUCTION",6,5,13,10,12,10,7,28,22,18,17,16
"GUJARAT","KIDNAPPING and ABDUCTION",857,807,859,905,916,945,1089,1119,1162,1290,1442,1527
"HARYANA","KIDNAPPING and ABDUCTION",297,290,271,292,344,431,554,644,659,714,733,900
"HIMACHAL PRADESH","KIDNAPPING and ABDUCTION",105,116,96,99,102,109,150,137,122,162,191,152
"JAMMU & KASHMIR","KIDNAPPING and ABDUCTION",504,596,615,632,658,723,707,656,825,840,1023,1041
"JHARKHAND","KIDNAPPING and ABDUCTION",279,178,262,178,283,410,534,499,517,696,660,786
"KARNATAKA","KIDNAPPING and ABDUCTION",271,300,244,286,312,328,390,405,408,586,715,1070
"KERALA","KIDNAPPING and ABDUCTION",97,91,102,142,129,202,177,166,173,184,221,214
"MADHYA PRADESH","KIDNAPPING and ABDUCTION",668,639,608,584,604,617,701,736,841,1030,1088,1127
"MAHARASHTRA","KIDNAPPING and ABDUCTION",611,650,626,787,851,921,967,998,926,1124,1252,1140
"MANIPUR","KIDNAPPING and ABDUCTION",62,82,71,71,69,79,83,87,97,107,116,133
"MEGHALAYA","KIDNAPPING and ABDUCTION",11,10,10,18,19,25,22,25,26,37,37,24
"MIZORAM","KIDNAPPING and ABDUCTION",1,2,2,0,0,1,0,1,0,0,0,3
"NAGALAND","KIDNAPPING and ABDUCTION",6,4,3,4,9,3,6,7,10,6,3,10
"ODISHA","KIDNAPPING and ABDUCTION",434,432,373,423,547,577,660,762,799,912,1008,1364
"PUNJAB","KIDNAPPING and ABDUCTION",324,354,295,311,329,418,545,514,513,576,517,689
"RAJASTHAN","KIDNAPPING and ABDUCTION",2165,2019,1750,1881,1549,1553,1694,1863,2310,2477,2713,2697
"SIKKIM","KIDNAPPING and ABDUCTION",2,2,0,4,2,7,9,4,6,6,10,10
"TAMIL NADU","KIDNAPPING and ABDUCTION",607,714,632,692,783,718,1097,1160,1133,1464,1743,1693
"TRIPURA","KIDNAPPING and ABDUCTION",35,48,29,54,43,62,81,110,92,91,116,114
"UTTAR PRADESH","KIDNAPPING and ABDUCTION",2879,2298,1499,2324,2256,2551,3363,4439,5078,5468,7525,7910
"UTTARAKHAND","KIDNAPPING and ABDUCTION",126,155,134,127,125,183,227,222,247,249,283,256
"WEST BENGAL","KIDNAPPING and ABDUCTION",695,694,801,1018,1039,1199,1590,1907,2187,2764,3711,4168
"TOTAL (STATES)","KIDNAPPING and ABDUCTION",13621,13552,12451,14636,14584,16258,19173,21726,24014,27993,33403,36004
"A & N ISLANDS","KIDNAPPING and ABDUCTION",2,1,2,3,1,5,9,13,14,8,12,7
"CHANDIGARH","KIDNAPPING and ABDUCTION",50,47,28,43,45,57,46,42,36,28,46,66
"D & N HAVELI","KIDNAPPING and ABDUCTION",2,5,4,7,9,14,6,11,9,10,8,9
"DAMAN & DIU","KIDNAPPING and ABDUCTION",3,2,1,0,2,1,1,1,0,2,2,0
"DELHI","KIDNAPPING and ABDUCTION",964,893,797,881,1106,1066,1167,1136,1655,1740,2085,2160
"LAKSHADWEEP","KIDNAPPING and ABDUCTION",0,0,0,0,0,0,0,1,0,0,0,0
"PUDUCHERRY","KIDNAPPING and ABDUCTION",3,6,13,8,3,13,14,9,13,14,9,16
"TOTAL (UTs)","KIDNAPPING and ABDUCTION",1024,954,845,942,1166,1156,1243,1213,1727,1802,2162,2258
"TOTAL (ALL-INDIA)","KIDNAPPING and ABDUCTION",14645,14506,13296,15578,15750,17414,20416,22939,25741,29795,35565,38262
"ANDHRA PRADESH","DOWRY DEATHS",420,449,466,512,443,519,613,556,546,588,599,504
"ARUNACHAL PRADESH","DOWRY DEATHS",0,0,0,0,0,1,0,0,0,0,0,1
"ASSAM","DOWRY DEATHS",59,70,60,74,99,105,100,103,170,175,121,140
"BIHAR","DOWRY DEATHS",859,927,909,1029,1014,1188,1172,1210,1295,1257,1413,1275
"CHHATTISGARH","DOWRY DEATHS",70,85,79,71,100,103,100,106,128,115,104,81
"GOA","DOWRY DEATHS",2,2,2,2,2,0,2,2,3,1,1,0
"GUJARAT","DOWRY DEATHS",67,62,54,58,48,50,42,27,24,19,30,21
"HARYANA","DOWRY DEATHS",285,256,222,251,212,255,269,302,281,284,255,258
"HIMACHAL PRADESH","DOWRY DEATHS",10,6,6,8,2,3,8,3,1,2,4,2
"JAMMU & KASHMIR","DOWRY DEATHS",13,18,10,9,5,10,9,21,12,9,11,8
"JHARKHAND","DOWRY DEATHS",217,275,262,275,257,281,303,266,295,276,282,302
"KARNATAKA","DOWRY DEATHS",220,233,194,259,261,244,251,259,264,248,267,218
"KERALA","DOWRY DEATHS",27,17,33,31,21,25,27,31,20,22,15,32
"MADHYA PRADESH","DOWRY DEATHS",609,674,648,751,739,764,742,805,858,892,811,743
"MAHARASHTRA","DOWRY DEATHS",308,303,368,314,341,387,436,390,341,393,339,329
"MANIPUR","DOWRY DEATHS",0,0,0,0,0,0,0,1,0,0,1,0
"MEGHALAYA","DOWRY DEATHS",0,0,0,2,1,6,2,2,0,0,1,1
"MIZORAM","DOWRY DEATHS",0,0,0,0,4,0,0,0,0,0,0,0
"NAGALAND","DOWRY DEATHS",0,0,0,0,0,0,0,0,0,0,0,0
"ODISHA","DOWRY DEATHS",294,248,279,319,334,457,461,401,384,388,465,525
"PUNJAB","DOWRY DEATHS",159,166,110,113,99,130,133,128,126,121,143,118
"RAJASTHAN","DOWRY DEATHS",376,399,389,379,361,394,439,439,436,462,514,478
"SIKKIM","DOWRY DEATHS",0,0,0,0,0,0,0,0,0,1,0,1
"TAMIL NADU","DOWRY DEATHS",191,243,220,225,215,187,208,207,194,165,152,110
"TRIPURA","DOWRY DEATHS",16,16,20,20,34,35,36,16,29,25,30,37
"UTTAR PRADESH","DOWRY DEATHS",2211,1893,1322,1708,1564,1798,2076,2237,2232,2217,2322,2244
"UTTARAKHAND","DOWRY DEATHS",56,66,93,82,63,80,70,73,94,75,83,71
"WEST BENGAL","DOWRY DEATHS",265,273,329,396,446,445,451,451,506,507,510,593
"TOTAL (STATES)","DOWRY DEATHS",6734,6681,6075,6888,6665,7467,7950,8036,8239,8242,8473,8092
"A & N ISLANDS","DOWRY DEATHS",0,0,0,0,0,0,1,2,1,0,0,2
"CHANDIGARH","DOWRY DEATHS",3,1,1,6,3,10,1,3,2,5,2,5
"D & N HAVELI","DOWRY DEATHS",0,0,0,0,0,1,0,0,0,0,0,0
"DAMAN & DIU","DOWRY DEATHS",0,0,1,0,1,0,1,0,0,0,0,0
"DELHI","DOWRY DEATHS",113,135,130,126,114,137,138,129,141,143,142,134
"LAKSHADWEEP","DOWRY DEATHS",0,0,0,0,0,0,0,0,0,0,0,0
"PUDUCHERRY","DOWRY DEATHS",1,5,1,6,4,3,2,2,0,1,1,0
"TOTAL (UTs)","DOWRY DEATHS",117,141,133,138,122,151,143,136,144,149,145,141
"TOTAL (ALL-INDIA)","DOWRY DEATHS",6851,6822,6208,7026,6787,7618,8093,8172,8383,8391,8618,8233
"ANDHRA PRADESH","ASSAULT ON WOMEN WITH INTENT TO OUTRAGE HER MODESTY",3544,3799,4128,3817,3595,4534,4406,4730,5147,4634,4849,4816
"ARUNACHAL PRADESH","ASSAULT ON WOMEN WITH INTENT TO OUTRAGE HER MODESTY",78,68,43,61,67,63,72,72,58,84,51,67
"ASSAM","ASSAULT ON WOMEN WITH INTENT TO OUTRAGE HER MODESTY",850,984,878,883,899,1290,789,1272,1342,1400,1193,1840
"BIHAR","ASSAULT ON WOMEN WITH INTENT TO OUTRAGE HER MODESTY",562,621,688,704,451,530,853,999,726,534,790,118
"CHHATTISGARH","ASSAULT ON WOMEN WITH INTENT TO OUTRAGE HER MODESTY",1763,1483,1481,1661,1450,1598,1549,1621,1598,1706,1654,1601
"GOA","ASSAULT ON WOMEN WITH INTENT TO OUTRAGE HER MODESTY",17,18,19,23,30,18,20,32,37,36,29,49
"GUJARAT","ASSAULT ON WOMEN WITH INTENT TO OUTRAGE HER MODESTY",756,750,722,757,802,736,822,828,727,668,685,745
"HARYANA","ASSAULT ON WOMEN WITH INTENT TO OUTRAGE HER MODESTY",478,454,344,403,380,486,417,435,451,476,474,525
"HIMACHAL PRADESH","ASSAULT ON WOMEN WITH INTENT TO OUTRAGE HER MODESTY",310,326,250,284,286,275,322,295,318,350,331,250
"JAMMU & KASHMIR","ASSAULT ON WOMEN WITH INTENT TO OUTRAGE HER MODESTY",622,785,875,990,830,960,986,935,972,1038,1194,1322
"JHARKHAND","ASSAULT ON WOMEN WITH INTENT TO OUTRAGE HER MODESTY",297,411,424,411,293,414,342,271,276,245,317,284
"KARNATAKA","ASSAULT ON WOMEN WITH INTENT TO OUTRAGE HER MODESTY",1665,1648,1585,1435,1585,1683,1828,1954,2186,2544,2608,2978
"KERALA","ASSAULT ON WOMEN WITH INTENT TO OUTRAGE HER MODESTY",1942,2123,1947,2260,2339,2543,2624,2745,2540,2936,3756,3735
"MADHYA PRADESH","ASSAULT ON WOMEN WITH INTENT TO OUTRAGE HER MODESTY",7063,7118,6848,6690,6426,6243,6772,6445,6307,6646,6665,6655
"MAHARASHTRA","ASSAULT ON WOMEN WITH INTENT TO OUTRAGE HER MODESTY",2823,2686,2661,2831,3228,3479,3306,3619,3196,3661,3794,3935
"MANIPUR","ASSAULT ON WOMEN WITH INTENT TO OUTRAGE HER MODESTY",21,58,44,30,25,42,70,57,39,31,38,49
"MEGHALAYA","ASSAULT ON WOMEN WITH INTENT TO OUTRAGE HER MODESTY",25,23,13,34,44,57,45,54,72,48,74,43
"MIZORAM","ASSAULT ON WOMEN WITH INTENT TO OUTRAGE HER MODESTY",52,73,88,66,49,51,66,78,61,75,72,85
"NAGALAND","ASSAULT ON WOMEN WITH INTENT TO OUTRAGE HER MODESTY",6,1,4,3,7,3,8,15,11,13,9,16
"ODISHA","ASSAULT ON WOMEN WITH INTENT TO OUTRAGE HER MODESTY",1655,1605,1669,1811,2238,2415,2775,2782,2697,2905,3207,4187
"PUNJAB","ASSAULT ON WOMEN WITH INTENT TO OUTRAGE HER MODESTY",372,341,346,261,308,314,427,388,319,349,282,340
"RAJASTHAN","ASSAULT ON WOMEN WITH INTENT TO OUTRAGE HER MODESTY",2878,2730,2715,2825,2503,2582,2477,2520,2485,2339,2447,2352
"SIKKIM","ASSAULT ON WOMEN WITH INTENT TO OUTRAGE HER MODESTY",0,17,25,40,38,14,13,19,10,11,24,19
"TAMIL NADU","ASSAULT ON WOMEN WITH INTENT TO OUTRAGE HER MODESTY",1773,1877,2022,1861,1764,1179,1540,1705,1242,1405,1467,1494
"TRIPURA","ASSAULT ON WOMEN WITH INTENT TO OUTRAGE HER MODESTY",58,128,127,134,161,207,244,346,384,376,294,314
"UTTAR PRADESH","ASSAULT ON WOMEN WITH INTENT TO OUTRAGE HER MODESTY",2870,2145,1098,1900,1835,2096,2522,2955,2782,2793,3455,3247
"UTTARAKHAND","ASSAULT ON WOMEN WITH INTENT TO OUTRAGE HER MODESTY",103,145,136,143,100,153,146,120,119,125,116,139
"WEST BENGAL","ASSAULT ON WOMEN WITH INTENT TO OUTRAGE HER MODESTY",954,964,1186,1566,1572,1837,2281,2396,1942,2465,2363,3345
"TOTAL (STATES)","ASSAULT ON WOMEN WITH INTENT TO OUTRAGE HER MODESTY",33537,33381,32366,33884,33305,35802,37722,39688,38044,39893,42238,44550
"A & N ISLANDS","ASSAULT ON WOMEN WITH INTENT TO OUTRAGE HER MODESTY",19,17,9,6,11,14,21,24,30,31,15,17
"CHANDIGARH","ASSAULT ON WOMEN WITH INTENT TO OUTRAGE HER MODESTY",24,36,11,20,31,20,32,19,26,29,21,45
"D & N HAVELI","ASSAULT ON WOMEN WITH INTENT TO OUTRAGE HER MODESTY",7,3,4,5,5,5,0,4,2,11,2,2
"DAMAN & DIU","ASSAULT ON WOMEN WITH INTENT TO OUTRAGE HER MODESTY",0,0,3,1,1,2,0,2,4,2,0,0
"DELHI","ASSAULT ON WOMEN WITH INTENT TO OUTRAGE HER MODESTY",502,446,489,601,762,718,868,611,552,601,657,727
"LAKSHADWEEP","ASSAULT ON WOMEN WITH INTENT TO OUTRAGE HER MODESTY",0,1,1,0,0,0,2,0,0,0,0,1
"PUDUCHERRY","ASSAULT ON WOMEN WITH INTENT TO OUTRAGE HER MODESTY",35,59,56,50,60,56,89,65,53,46,35,9
"TOTAL (UTs)","ASSAULT ON WOMEN WITH INTENT TO OUTRAGE HER MODESTY",587,562,573,683,870,815,1012,725,667,720,730,801
"TOTAL (ALL-INDIA)","ASSAULT ON WOMEN WITH INTENT TO OUTRAGE HER MODESTY",34124,33943,32939,34567,34175,36617,38734,40413,38711,40613,42968,45351
"ANDHRA PRADESH","INSULT TO THE MODESTY OF WOMEN",2271,2024,2286,2310,2508,2411,3316,3551,3520,4562,3658,3714
"ARUNACHAL PRADESH","INSULT TO THE MODESTY OF WOMEN",3,2,0,0,0,2,1,1,6,1,0,2
"ASSAM","INSULT TO THE MODESTY OF WOMEN",4,7,6,11,19,10,10,2,10,20,8,5
"BIHAR","INSULT TO THE MODESTY OF WOMEN",21,6,11,13,13,53,12,21,12,16,11,37
"CHHATTISGARH","INSULT TO THE MODESTY OF WOMEN",161,147,105,131,132,143,111,125,152,182,174,162
"GOA","INSULT TO THE MODESTY OF WOMEN",7,6,7,15,8,7,7,12,10,16,12,16
"GUJARAT","INSULT TO THE MODESTY OF WOMEN",111,104,92,164,104,138,120,122,114,110,93,93
"HARYANA","INSULT TO THE MODESTY OF WOMEN",401,1424,1302,850,597,491,409,605,605,580,490,434
"HIMACHAL PRADESH","INSULT TO THE MODESTY OF WOMEN",14,12,18,16,29,31,33,41,37,78,62,68
"JAMMU & KASHMIR","INSULT TO THE MODESTY OF WOMEN",288,368,376,264,371,347,353,296,371,262,350,347
"JHARKHAND","INSULT TO THE MODESTY OF WOMEN",5,3,2,3,36,44,15,23,83,16,7,10
"KARNATAKA","INSULT TO THE MODESTY OF WOMEN",81,100,84,57,71,38,28,44,64,83,81,100
"KERALA","INSULT TO THE MODESTY OF WOMEN",81,102,68,133,175,222,262,258,395,537,573,498
"MADHYA PRADESH","INSULT TO THE MODESTY OF WOMEN",751,783,705,804,792,762,780,758,728,918,762,774
"MAHARASHTRA","INSULT TO THE MODESTY OF WOMEN",1120,769,682,862,919,984,1039,1091,1099,1180,1071,1294
"MANIPUR","INSULT TO THE MODESTY OF WOMEN",0,0,0,0,0,0,0,0,2,0,0,1
"MEGHALAYA","INSULT TO THE MODESTY OF WOMEN",0,0,1,0,0,0,1,4,1,0,1,0
"MIZORAM","INSULT TO THE MODESTY OF WOMEN",0,0,0,0,4,0,0,0,1,0,1,0
"NAGALAND","INSULT TO THE MODESTY OF WOMEN",0,0,2,1,0,2,1,1,0,3,0,0
"ODISHA","INSULT TO THE MODESTY OF WOMEN",458,188,188,170,184,247,241,282,210,232,235,304
"PUNJAB","INSULT TO THE MODESTY OF WOMEN",47,145,199,38,43,60,48,49,33,38,31,31
"RAJASTHAN","INSULT TO THE MODESTY OF WOMEN",56,44,33,41,28,31,28,19,24,23,9,18
"SIKKIM","INSULT TO THE MODESTY OF WOMEN",14,0,0,0,0,0,0,0,0,0,0,0
"TAMIL NADU","INSULT TO THE MODESTY OF WOMEN",1012,1718,881,1081,665,852,875,974,501,638,464,382
"TRIPURA","INSULT TO THE MODESTY OF WOMEN",0,0,0,0,1,0,4,4,5,9,9,7
"UTTAR PRADESH","INSULT TO THE MODESTY OF WOMEN",2575,1887,4970,2682,2881,2714,2882,3374,2524,11,3,8
"UTTARAKHAND","INSULT TO THE MODESTY OF WOMEN",84,97,98,110,89,113,63,306,249,165,72,73
"WEST BENGAL","INSULT TO THE MODESTY OF WOMEN",48,34,71,64,54,63,99,94,108,163,200,556
"TOTAL (STATES)","INSULT TO THE MODESTY OF WOMEN",9613,9970,12187,9820,9723,9765,10738,12057,10864,9843,8377,8934
"A & N ISLANDS","INSULT TO THE MODESTY OF WOMEN",1,3,2,3,1,4,2,3,7,10,3,4
"CHANDIGARH","INSULT TO THE MODESTY OF WOMEN",15,28,4,18,9,13,11,2,2,4,12,25
"D & N HAVELI","INSULT TO THE MODESTY OF WOMEN",0,0,0,0,0,1,0,0,1,2,0,0
"DAMAN & DIU","INSULT TO THE MODESTY OF WOMEN",0,0,0,0,0,0,0,1,1,0,0,0
"DELHI","INSULT TO THE MODESTY OF WOMEN",90,128,105,130,225,144,167,130,118,80,162,208
"LAKSHADWEEP","INSULT TO THE MODESTY OF WOMEN",0,0,0,0,0,0,0,0,0,0,0,0
"PUDUCHERRY","INSULT TO THE MODESTY OF WOMEN",27,26,27,30,26,39,32,21,16,22,16,2
"TOTAL (UTs)","INSULT TO THE MODESTY OF WOMEN",133,185,138,181,261,201,212,157,145,118,193,239
"TOTAL (ALL-INDIA)","INSULT TO THE MODESTY OF WOMEN",9746,10155,12325,10001,9984,9966,10950,12214,11009,9961,8570,9173
"ANDHRA PRADESH","CRUELTY BY HUSBAND OR HIS RELATIVES (IPC SECTION 498A)",5791,7018,8167,8388,8696,9164,11335,10306,11297,12080,13376,13389
"ARUNACHAL PRADESH","CRUELTY BY HUSBAND OR HIS RELATIVES (IPC SECTION 498A)",11,13,14,4,9,14,20,13,13,12,18,26
"ASSAM","CRUELTY BY HUSBAND OR HIS RELATIVES (IPC SECTION 498A)",1248,1694,1808,1945,2206,2548,3000,3478,4398,5410,5246,6407
"BIHAR","CRUELTY BY HUSBAND OR HIS RELATIVES (IPC SECTION 498A)",1558,1577,1880,2679,1574,1689,1635,1992,2532,2271,2607,3686
"CHHATTISGARH","CRUELTY BY HUSBAND OR HIS RELATIVES (IPC SECTION 498A)",840,653,601,741,732,717,824,897,893,861,834,980
"GOA","CRUELTY BY HUSBAND OR HIS RELATIVES (IPC SECTION 498A)",11,8,24,17,11,14,14,12,21,17,18,24
"GUJARAT","CRUELTY BY HUSBAND OR HIS RELATIVES (IPC SECTION 498A)",3667,3321,3684,3955,4090,4977,5827,6094,5506,5600,6052,6658
"HARYANA","CRUELTY BY HUSBAND OR HIS RELATIVES (IPC SECTION 498A)",1513,1565,1618,2026,2075,2254,2412,2435,2617,2720,2740,3137
"HIMACHAL PRADESH","CRUELTY BY HUSBAND OR HIS RELATIVES (IPC SECTION 498A)",317,234,221,252,228,259,342,343,284,275,239,251
"JAMMU & KASHMIR","CRUELTY BY HUSBAND OR HIS RELATIVES (IPC SECTION 498A)",50,54,71,82,76,135,176,162,196,211,286,301
"JHARKHAND","CRUELTY BY HUSBAND OR HIS RELATIVES (IPC SECTION 498A)",484,588,559,588,590,668,801,851,710,650,659,1261
"KARNATAKA","CRUELTY BY HUSBAND OR HIS RELATIVES (IPC SECTION 498A)",1755,1826,1704,1588,1883,2129,2507,2638,3185,3441,3712,3684
"KERALA","CRUELTY BY HUSBAND OR HIS RELATIVES (IPC SECTION 498A)",2561,2836,2930,3222,3283,3708,3999,4138,4007,4797,5377,5216
"MADHYA PRADESH","CRUELTY BY HUSBAND OR HIS RELATIVES (IPC SECTION 498A)",2562,3117,2938,3436,2989,2989,3294,3185,3983,3756,3732,3988
"MAHARASHTRA","CRUELTY BY HUSBAND OR HIS RELATIVES (IPC SECTION 498A)",6090,5353,5452,5646,6233,6738,7356,7829,7681,7434,7136,7415
"MANIPUR","CRUELTY BY HUSBAND OR HIS RELATIVES (IPC SECTION 498A)",5,10,4,2,20,10,15,28,25,18,39,43
"MEGHALAYA","CRUELTY BY HUSBAND OR HIS RELATIVES (IPC SECTION 498A)",4,0,4,5,3,13,19,32,24,24,21,16
"MIZORAM","CRUELTY BY HUSBAND OR HIS RELATIVES (IPC SECTION 498A)",16,3,3,0,0,1,2,5,4,3,9,8
"NAGALAND","CRUELTY BY HUSBAND OR HIS RELATIVES (IPC SECTION 498A)",0,0,0,0,0,3,0,4,0,1,1,0
"ODISHA","CRUELTY BY HUSBAND OR HIS RELATIVES (IPC SECTION 498A)",1266,1167,1289,1192,1671,694,728,1618,2047,2067,2320,2638
"PUNJAB","CRUELTY BY HUSBAND OR HIS RELATIVES (IPC SECTION 498A)",1128,944,987,801,729,801,971,984,1061,1163,1136,1293
"RAJASTHAN","CRUELTY BY HUSBAND OR HIS RELATIVES (IPC SECTION 498A)",5532,5691,5733,6781,5997,7038,8170,8113,10371,11145,12218,13312
"SIKKIM","CRUELTY BY HUSBAND OR HIS RELATIVES (IPC SECTION 498A)",0,3,1,1,4,6,7,5,6,3,4,4
"TAMIL NADU","CRUELTY BY HUSBAND OR HIS RELATIVES (IPC SECTION 498A)",815,1052,1555,1437,1650,1248,1976,1648,1460,1570,1812,1965
"TRIPURA","CRUELTY BY HUSBAND OR HIS RELATIVES (IPC SECTION 498A)",227,236,247,302,439,471,545,735,815,937,702,858
"UTTAR PRADESH","CRUELTY BY HUSBAND OR HIS RELATIVES (IPC SECTION 498A)",7365,5679,2626,4950,4505,5204,7650,8312,8566,7978,7121,7661
"UTTARAKHAND","CRUELTY BY HUSBAND OR HIS RELATIVES (IPC SECTION 498A)",301,316,317,405,272,358,463,340,361,334,307,368
"WEST BENGAL","CRUELTY BY HUSBAND OR HIS RELATIVES (IPC SECTION 498A)",3859,4069,4948,6334,6936,7414,9900,13663,16112,17796,19772,19865
"TOTAL (STATES)","CRUELTY BY HUSBAND OR HIS RELATIVES (IPC SECTION 498A)",48976,49027,49385,56779,56901,61264,73988,79860,88175,92574,97494,104454
"A & N ISLANDS","CRUELTY BY HUSBAND OR HIS RELATIVES (IPC SECTION 498A)",9,4,7,5,5,7,18,26,21,9,5,5
"CHANDIGARH","CRUELTY BY HUSBAND OR HIS RELATIVES (IPC SECTION 498A)",36,56,93,73,75,102,112,49,51,41,46,73
"D & N HAVELI","CRUELTY BY HUSBAND OR HIS RELATIVES (IPC SECTION 498A)",4,3,2,3,5,5,3,4,3,3,3,0
"DAMAN & DIU","CRUELTY BY HUSBAND OR HIS RELATIVES (IPC SECTION 498A)",4,3,0,4,3,2,3,5,3,3,2,3
"DELHI","CRUELTY BY HUSBAND OR HIS RELATIVES (IPC SECTION 498A)",138,135,1211,1254,1324,1728,1787,1387,1283,1404,1575,1985
"LAKSHADWEEP","CRUELTY BY HUSBAND OR HIS RELATIVES (IPC SECTION 498A)",0,0,1,1,0,1,2,1,0,0,0,1
"PUDUCHERRY","CRUELTY BY HUSBAND OR HIS RELATIVES (IPC SECTION 498A)",3,9,4,2,6,19,17,12,10,7,10,6
"TOTAL (UTs)","CRUELTY BY HUSBAND OR HIS RELATIVES (IPC SECTION 498A)",194,210,1318,1342,1418,1864,1942,1484,1371,1467,1641,2073
"TOTAL (ALL-INDIA)","CRUELTY BY HUSBAND OR HIS RELATIVES (IPC SECTION 498A)",49170,49237,50703,58121,58319,63128,75930,81344,89546,94041,99135,106527
"ANDHRA PRADESH","IMPORTATION OF GIRLS FROM FOREIGN COUNTRY",7,0,5,2,3,0,0,0,0,0,0,0
"ARUNACHAL PRADESH","IMPORTATION OF GIRLS FROM FOREIGN COUNTRY",0,0,0,0,0,0,0,0,0,0,0,0
"ASSAM","IMPORTATION OF GIRLS FROM FOREIGN COUNTRY",0,0,0,0,3,0,0,0,1,0,2,2
"BIHAR","IMPORTATION OF GIRLS FROM FOREIGN COUNTRY",83,38,37,35,74,42,56,22,31,8,10,4
"CHHATTISGARH","IMPORTATION OF GIRLS FROM FOREIGN COUNTRY",0,0,0,0,0,1,0,0,0,2,2,0
"GOA","IMPORTATION OF GIRLS FROM FOREIGN COUNTRY",0,0,0,0,0,0,0,0,0,0,0,0
"GUJARAT","IMPORTATION OF GIRLS FROM FOREIGN COUNTRY",0,0,0,0,0,0,0,0,0,0,0,0
"HARYANA","IMPORTATION OF GIRLS FROM FOREIGN COUNTRY",0,0,0,0,0,0,0,0,0,0,0,0
"HIMACHAL PRADESH","IMPORTATION OF GIRLS FROM FOREIGN COUNTRY",0,0,0,0,0,0,0,0,0,0,0,0
"JAMMU & KASHMIR","IMPORTATION OF GIRLS FROM FOREIGN COUNTRY",0,0,0,0,0,0,0,0,0,0,0,0
"JHARKHAND","IMPORTATION OF GIRLS FROM FOREIGN COUNTRY",2,36,0,36,4,5,0,39,6,8,6,3
"KARNATAKA","IMPORTATION OF GIRLS FROM FOREIGN COUNTRY",0,0,0,0,0,0,0,1,2,0,12,32
"KERALA","IMPORTATION OF GIRLS FROM FOREIGN COUNTRY",0,0,0,0,0,0,0,0,0,0,0,0
"MADHYA PRADESH","IMPORTATION OF GIRLS FROM FOREIGN COUNTRY",0,0,0,0,3,0,0,0,1,5,45,6
"MAHARASHTRA","IMPORTATION OF GIRLS FROM FOREIGN COUNTRY",1,0,0,0,0,1,0,0,0,0,0,0
"MANIPUR","IMPORTATION OF GIRLS FROM FOREIGN COUNTRY",0,0,0,0,0,0,0,0,0,0,0,0
"MEGHALAYA","IMPORTATION OF GIRLS FROM FOREIGN COUNTRY",0,0,0,0,0,0,0,0,1,0,3,0
"MIZORAM","IMPORTATION OF GIRLS FROM FOREIGN COUNTRY",3,0,0,0,0,0,0,0,0,0,0,0
"NAGALAND","IMPORTATION OF GIRLS FROM FOREIGN COUNTRY",0,0,1,0,0,0,0,0,0,0,0,0
"ODISHA","IMPORTATION OF GIRLS FROM FOREIGN COUNTRY",0,0,0,0,0,12,0,0,1,5,0,0
"PUNJAB","IMPORTATION OF GIRLS FROM FOREIGN COUNTRY",0,0,0,0,0,2,0,0,0,0,0,0
"RAJASTHAN","IMPORTATION OF GIRLS FROM FOREIGN COUNTRY",1,0,1,1,0,3,0,0,0,0,0,0
"SIKKIM","IMPORTATION OF GIRLS FROM FOREIGN COUNTRY",0,0,0,0,0,0,0,0,0,0,0,0
"TAMIL NADU","IMPORTATION OF GIRLS FROM FOREIGN COUNTRY",14,0,1,0,0,0,0,0,0,0,0,0
"TRIPURA","IMPORTATION OF GIRLS FROM FOREIGN COUNTRY",0,0,0,0,0,0,0,0,0,0,0,0
"UTTAR PRADESH","IMPORTATION OF GIRLS FROM FOREIGN COUNTRY",0,0,0,3,0,0,0,0,0,0,0,0
"UTTARAKHAND","IMPORTATION OF GIRLS FROM FOREIGN COUNTRY",0,1,0,0,0,0,0,0,0,0,0,0
"WEST BENGAL","IMPORTATION OF GIRLS FROM FOREIGN COUNTRY",3,1,1,12,61,1,5,5,5,8,0,12
"TOTAL (STATES)","IMPORTATION OF GIRLS FROM FOREIGN COUNTRY",114,76,46,89,148,67,61,67,48,36,80,59
"A & N ISLANDS","IMPORTATION OF GIRLS FROM FOREIGN COUNTRY",0,0,0,0,0,0,0,0,0,0,0,0
"CHANDIGARH","IMPORTATION OF GIRLS FROM FOREIGN COUNTRY",0,0,0,0,0,0,0,0,0,0,0,0
"D & N HAVELI","IMPORTATION OF GIRLS FROM FOREIGN COUNTRY",0,0,0,0,0,0,0,0,0,0,0,0
"DAMAN & DIU","IMPORTATION OF GIRLS FROM FOREIGN COUNTRY",0,0,0,0,0,0,0,0,0,0,0,0
"DELHI","IMPORTATION OF GIRLS FROM FOREIGN COUNTRY",0,0,0,0,1,0,0,0,0,0,0,0
"LAKSHADWEEP","IMPORTATION OF GIRLS FROM FOREIGN COUNTRY",0,0,0,0,0,0,0,0,0,0,0,0
"PUDUCHERRY","IMPORTATION OF GIRLS FROM FOREIGN COUNTRY",0,0,0,0,0,0,0,0,0,0,0,0
"TOTAL (UTs)","IMPORTATION OF GIRLS FROM FOREIGN COUNTRY",0,0,0,0,1,0,0,0,0,0,0,0
"TOTAL (ALL-INDIA)","IMPORTATION OF GIRLS FROM FOREIGN COUNTRY",114,76,46,89,149,67,61,67,48,36,80,59
"ANDHRA PRADESH","IMMORAL TRAFFIC (P) ACT",1332,871,349,405,681,657,612,357,279,548,497,472
"ARUNACHAL PRADESH","IMMORAL TRAFFIC (P) ACT",0,0,0,0,0,0,0,0,0,0,0,1
"ASSAM","IMMORAL TRAFFIC (P) ACT",6,24,22,28,25,29,21,27,37,25,21,30
"BIHAR","IMMORAL TRAFFIC (P) ACT",29,10,9,24,28,13,27,39,40,24,23,35
"CHHATTISGARH","IMMORAL TRAFFIC (P) ACT",12,12,7,9,6,13,14,4,9,12,15,5
"GOA","IMMORAL TRAFFIC (P) ACT",28,25,25,28,38,26,10,14,23,16,18,40
"GUJARAT","IMMORAL TRAFFIC (P) ACT",61,57,74,33,59,78,44,52,41,46,46,44
"HARYANA","IMMORAL TRAFFIC (P) ACT",21,32,57,62,85,85,88,77,90,57,57,69
"HIMACHAL PRADESH","IMMORAL TRAFFIC (P) ACT",1,2,5,4,4,0,0,1,5,1,2,6
"JAMMU & KASHMIR","IMMORAL TRAFFIC (P) ACT",7,3,2,11,3,5,1,4,6,4,1,3
"JHARKHAND","IMMORAL TRAFFIC (P) ACT",3,3,6,3,13,11,14,8,1,13,15,12
"KARNATAKA","IMMORAL TRAFFIC (P) ACT",1356,1388,1361,1170,1241,786,612,516,329,242,351,335
"KERALA","IMMORAL TRAFFIC (P) ACT",132,132,159,168,225,189,201,187,314,309,197,210
"MADHYA PRADESH","IMMORAL TRAFFIC (P) ACT",15,14,33,23,19,12,19,10,19,19,24,13
"MAHARASHTRA","IMMORAL TRAFFIC (P) ACT",233,182,179,309,222,378,322,327,271,306,390,366
"MANIPUR","IMMORAL TRAFFIC (P) ACT",4,6,0,0,1,0,0,0,0,0,0,15
"MEGHALAYA","IMMORAL TRAFFIC (P) ACT",0,0,1,0,1,1,1,3,1,3,2,7
"MIZORAM","IMMORAL TRAFFIC (P) ACT",2,0,0,5,1,0,0,1,1,0,8,0
"NAGALAND","IMMORAL TRAFFIC (P) ACT",1,4,1,4,4,9,4,1,3,2,2,4
"ODISHA","IMMORAL TRAFFIC (P) ACT",24,24,11,22,29,44,40,29,14,25,23,24
"PUNJAB","IMMORAL TRAFFIC (P) ACT",32,38,54,32,58,67,45,43,59,59,50,86
"RAJASTHAN","IMMORAL TRAFFIC (P) ACT",68,55,51,79,115,143,91,72,62,82,81,99
"SIKKIM","IMMORAL TRAFFIC (P) ACT",0,0,1,1,0,0,2,0,1,3,1,0
"TAMIL NADU","IMMORAL TRAFFIC (P) ACT",5232,3530,2839,3022,2777,1732,1199,687,716,567,420,500
"TRIPURA","IMMORAL TRAFFIC (P) ACT",0,0,0,0,0,0,0,0,0,1,2,0
"UTTAR PRADESH","IMMORAL TRAFFIC (P) ACT",26,42,47,44,31,70,49,57,39,23,43,31
"UTTARAKHAND","IMMORAL TRAFFIC (P) ACT",0,0,0,4,2,3,9,3,6,4,3,12
"WEST BENGAL","IMMORAL TRAFFIC (P) ACT",31,42,152,121,74,66,62,62,63,56,96,109
"TOTAL (STATES)","IMMORAL TRAFFIC (P) ACT",8656,6496,5445,5611,5742,4417,3487,2581,2429,2447,2388,2528
"A & N ISLANDS","IMMORAL TRAFFIC (P) ACT",0,0,0,0,0,0,1,0,1,3,3,2
"CHANDIGARH","IMMORAL TRAFFIC (P) ACT",3,3,4,9,9,3,5,7,4,3,1,0
"D & N HAVELI","IMMORAL TRAFFIC (P) ACT",0,0,2,0,0,0,2,3,0,1,1,2
"DAMAN & DIU","IMMORAL TRAFFIC (P) ACT",3,3,0,1,1,1,5,6,4,6,6,3
"DELHI","IMMORAL TRAFFIC (P) ACT",95,69,46,123,151,112,63,60,27,28,33,24
"LAKSHADWEEP","IMMORAL TRAFFIC (P) ACT",0,0,0,0,0,0,0,0,0,0,0,0
"PUDUCHERRY","IMMORAL TRAFFIC (P) ACT",39,27,13,4,5,8,5,3,9,11,3,4
"TOTAL (UTs)","IMMORAL TRAFFIC (P) ACT",140,102,65,137,166,124,81,79,45,52,47,35
"TOTAL (ALL-INDIA)","IMMORAL TRAFFIC (P) ACT",8796,6598,5510,5748,5908,4541,3568,2660,2474,2499,2435,2563
"ANDHRA PRADESH","DOWRY PROHIBITION ACT",551,460,195,339,306,474,817,1069,1362,1186,1899,2511
"ARUNACHAL PRADESH","DOWRY PROHIBITION ACT",0,0,0,0,0,0,0,0,0,0,0,0
"ASSAM","DOWRY PROHIBITION ACT",179,64,92,36,82,31,16,11,40,37,19,41
"BIHAR","DOWRY PROHIBITION ACT",835,779,706,1220,789,909,978,1288,1252,997,1393,1353
"CHHATTISGARH","DOWRY PROHIBITION ACT",13,12,16,7,5,9,14,14,16,6,18,14
"GOA","DOWRY PROHIBITION ACT",0,0,0,0,0,0,0,0,0,0,0,0
"GUJARAT","DOWRY PROHIBITION ACT",0,1,0,0,0,1,0,0,2,7,28,0
"HARYANA","DOWRY PROHIBITION ACT",0,3,3,6,7,7,8,13,6,11,9,9
"HIMACHAL PRADESH","DOWRY PROHIBITION ACT",9,5,7,5,1,2,4,2,4,0,0,0
"JAMMU & KASHMIR","DOWRY PROHIBITION ACT",3,0,4,2,0,2,1,2,3,2,3,3
"JHARKHAND","DOWRY PROHIBITION ACT",375,199,261,199,313,345,453,435,414,404,402,1066
"KARNATAKA","DOWRY PROHIBITION ACT",361,383,341,337,361,476,517,628,904,1077,1210,1328
"KERALA","DOWRY PROHIBITION ACT",6,3,4,2,4,5,9,5,8,7,5,3
"MADHYA PRADESH","DOWRY PROHIBITION ACT",30,24,29,40,36,32,52,32,91,67,66,101
"MAHARASHTRA","DOWRY PROHIBITION ACT",27,23,29,21,23,55,45,49,50,40,44,33
"MANIPUR","DOWRY PROHIBITION ACT",0,0,0,0,0,0,0,0,0,0,0,0
"MEGHALAYA","DOWRY PROHIBITION ACT",0,0,0,0,0,0,0,0,0,0,0,0
"MIZORAM","DOWRY PROHIBITION ACT",0,0,0,0,0,0,0,0,0,0,0,0
"NAGALAND","DOWRY PROHIBITION ACT",0,0,0,0,0,0,0,0,0,0,0,0
"ODISHA","DOWRY PROHIBITION ACT",436,424,412,532,446,1394,1460,1316,945,942,1062,1487
"PUNJAB","DOWRY PROHIBITION ACT",0,0,3,7,5,7,6,4,9,1,3,1
"RAJASTHAN","DOWRY PROHIBITION ACT",4,6,3,13,1,3,2,3,3,3,4,39
"SIKKIM","DOWRY PROHIBITION ACT",0,0,0,0,0,0,0,0,0,0,0,0
"TAMIL NADU","DOWRY PROHIBITION ACT",33,125,175,294,193,81,368,262,207,199,195,277
"TRIPURA","DOWRY PROHIBITION ACT",0,0,0,0,0,0,0,1,2,1,0,0
"UTTAR PRADESH","DOWRY PROHIBITION ACT",340,288,367,477,586,628,803,324,274,115,124,505
"UTTARAKHAND","DOWRY PROHIBITION ACT",5,1,1,2,2,1,2,0,1,1,3,0
"WEST BENGAL","DOWRY PROHIBITION ACT",6,6,17,36,18,25,40,68,46,53,116,241
"TOTAL (STATES)","DOWRY PROHIBITION ACT",3213,2806,2665,3575,3178,4487,5595,5526,5639,5156,6603,9012
"A & N ISLANDS","DOWRY PROHIBITION ACT",0,0,0,0,0,0,1,0,0,0,0,0
"CHANDIGARH","DOWRY PROHIBITION ACT",0,0,0,0,0,0,0,1,0,0,1,0
"D & N HAVELI","DOWRY PROHIBITION ACT",0,0,0,0,0,0,0,0,1,0,0,0
"DAMAN & DIU","DOWRY PROHIBITION ACT",0,0,0,0,0,0,0,0,0,0,0,0
"DELHI","DOWRY PROHIBITION ACT",7,7,14,11,9,15,16,19,6,15,7,15
"LAKSHADWEEP","DOWRY PROHIBITION ACT",0,0,0,0,0,0,0,0,0,0,0,0
"PUDUCHERRY","DOWRY PROHIBITION ACT",2,3,5,6,17,2,11,9,4,11,8,11
"TOTAL (UTs)","DOWRY PROHIBITION ACT",9,10,19,17,26,17,28,29,11,26,16,26
"TOTAL (ALL-INDIA)","DOWRY PROHIBITION ACT",3222,2816,2684,3592,3204,4504,5623,5555,5650,5182,6619,9038
"ANDHRA PRADESH","INDECENT REPRESENTATION OF WOMEN (P) ACT",925,2403,909,1102,2657,1347,1005,889,704,753,314,21
"ARUNACHAL PRADESH","INDECENT REPRESENTATION OF WOMEN (P) ACT",0,0,0,0,0,0,0,0,0,0,0,0
"ASSAM","INDECENT REPRESENTATION OF WOMEN (P) ACT",10,3,0,0,0,0,0,2,0,0,1,3
"BIHAR","INDECENT REPRESENTATION OF WOMEN (P) ACT",3,1,1,0,0,0,0,0,0,0,0,5
"CHHATTISGARH","INDECENT REPRESENTATION OF WOMEN (P) ACT",0,0,0,0,0,0,0,0,1,1,0,1
"GOA","INDECENT REPRESENTATION OF WOMEN (P) ACT",0,0,0,0,0,0,0,0,1,0,3,0
"GUJARAT","INDECENT REPRESENTATION OF WOMEN (P) ACT",0,4,14,0,0,0,0,0,0,0,0,0
"HARYANA","INDECENT REPRESENTATION OF WOMEN (P) ACT",0,0,0,0,0,0,0,0,0,0,0,2
"HIMACHAL PRADESH","INDECENT REPRESENTATION OF WOMEN (P) ACT",0,0,0,2,0,0,0,0,0,0,0,0
"JAMMU & KASHMIR","INDECENT REPRESENTATION OF WOMEN (P) ACT",0,0,0,0,0,0,0,0,2,0,0,0
"JHARKHAND","INDECENT REPRESENTATION OF WOMEN (P) ACT",0,0,0,0,2,2,0,0,0,6,0,0
"KARNATAKA","INDECENT REPRESENTATION OF WOMEN (P) ACT",0,0,0,0,0,0,0,0,1,0,2,0
"KERALA","INDECENT REPRESENTATION OF WOMEN (P) ACT",42,26,16,45,108,59,26,19,24,37,12,3
"MADHYA PRADESH","INDECENT REPRESENTATION OF WOMEN (P) ACT",0,0,0,0,0,2,0,0,1,0,0,0
"MAHARASHTRA","INDECENT REPRESENTATION OF WOMEN (P) ACT",9,4,8,11,8,9,2,1,1,0,1,2
"MANIPUR","INDECENT REPRESENTATION OF WOMEN (P) ACT",0,0,0,0,0,0,0,0,0,0,0,0
"MEGHALAYA","INDECENT REPRESENTATION OF WOMEN (P) ACT",0,0,0,0,0,0,0,0,0,0,0,0
"MIZORAM","INDECENT REPRESENTATION OF WOMEN (P) ACT",0,0,0,0,0,0,0,0,0,0,0,0
"NAGALAND","INDECENT REPRESENTATION OF WOMEN (P) ACT",0,0,0,0,0,0,0,0,0,0,0,0
"ODISHA","INDECENT REPRESENTATION OF WOMEN (P) ACT",0,0,0,0,1,0,0,0,0,0,1,1
"PUNJAB","INDECENT REPRESENTATION OF WOMEN (P) ACT",1,8,1,2,0,1,0,0,0,0,0,0
"RAJASTHAN","INDECENT REPRESENTATION OF WOMEN (P) ACT",46,54,87,89,109,102,131,107,106,80,102,62
"SIKKIM","INDECENT REPRESENTATION OF WOMEN (P) ACT",0,0,0,0,0,0,0,0,0,0,0,0
"TAMIL NADU","INDECENT REPRESENTATION OF WOMEN (P) ACT",11,5,6,102,30,35,25,4,2,14,10,34
"TRIPURA","INDECENT REPRESENTATION OF WOMEN (P) ACT",0,0,0,0,0,0,0,0,0,0,0,0
"UTTAR PRADESH","INDECENT REPRESENTATION OF WOMEN (P) ACT",3,0,0,0,0,0,0,0,0,1,4,0
"UTTARAKHAND","INDECENT REPRESENTATION OF WOMEN (P) ACT",0,0,0,0,0,0,0,0,0,0,0,0
"WEST BENGAL","INDECENT REPRESENTATION OF WOMEN (P) ACT",0,0,1,25,1,4,10,3,2,2,2,7
"TOTAL (STATES)","INDECENT REPRESENTATION OF WOMEN (P) ACT",1050,2508,1043,1378,2916,1561,1199,1025,845,894,452,141
"A & N ISLANDS","INDECENT REPRESENTATION OF WOMEN (P) ACT",0,0,0,0,0,0,0,0,0,0,0,0
"CHANDIGARH","INDECENT REPRESENTATION OF WOMEN (P) ACT",1,0,0,0,0,0,1,0,0,0,0,0
"D & N HAVELI","INDECENT REPRESENTATION OF WOMEN (P) ACT",0,0,0,0,0,0,0,0,0,0,0,0
"DAMAN & DIU","INDECENT REPRESENTATION OF WOMEN (P) ACT",0,0,0,0,0,0,0,0,0,0,0,0
"DELHI","INDECENT REPRESENTATION OF WOMEN (P) ACT",1,0,0,0,1,1,0,0,0,0,1,0
"LAKSHADWEEP","INDECENT REPRESENTATION OF WOMEN (P) ACT",0,0,0,0,0,0,0,0,0,1,0,0
"PUDUCHERRY","INDECENT REPRESENTATION OF WOMEN (P) ACT",0,0,0,0,0,0,0,0,0,0,0,0
"TOTAL (UTs)","INDECENT REPRESENTATION OF WOMEN (P) ACT",2,0,0,0,1,1,1,0,0,1,1,0
"TOTAL (ALL-INDIA)","INDECENT REPRESENTATION OF WOMEN (P) ACT",1052,2508,1043,1378,2917,1562,1200,1025,845,895,453,141
"ANDHRA PRADESH","COMMISSION OF SATI PREVENTION ACT",0,0,0,0,0,0,0,0,0,0,0,0
"ARUNACHAL PRADESH","COMMISSION OF SATI PREVENTION ACT",0,0,0,0,0,0,0,0,0,0,0,0
"ASSAM","COMMISSION OF SATI PREVENTION ACT",0,0,0,0,0,0,0,0,0,0,0,0
"BIHAR","COMMISSION OF SATI PREVENTION ACT",0,0,0,0,0,0,0,0,0,0,0,0
"CHHATTISGARH","COMMISSION OF SATI PREVENTION ACT",0,0,0,0,0,0,0,1,0,0,0,0
"GOA","COMMISSION OF SATI PREVENTION ACT",0,0,0,0,0,0,0,0,0,0,0,0
"GUJARAT","COMMISSION OF SATI PREVENTION ACT",0,0,0,0,0,0,0,0,0,0,0,0
"HARYANA","COMMISSION OF SATI PREVENTION ACT",0,0,0,0,0,0,0,0,0,0,0,0
"HIMACHAL PRADESH","COMMISSION OF SATI PREVENTION ACT",0,0,0,0,0,0,0,0,0,0,0,0
"JAMMU & KASHMIR","COMMISSION OF SATI PREVENTION ACT",0,0,0,0,0,0,0,0,0,0,1,0
"JHARKHAND","COMMISSION OF SATI PREVENTION ACT",0,0,0,0,0,0,0,0,0,0,0,0
"KARNATAKA","COMMISSION OF SATI PREVENTION ACT",0,0,0,0,0,0,0,0,0,0,0,0
"KERALA","COMMISSION OF SATI PREVENTION ACT",0,0,0,0,0,0,0,0,0,0,0,0
"MADHYA PRADESH","COMMISSION OF SATI PREVENTION ACT",0,0,0,0,0,0,0,0,0,0,0,0
"MAHARASHTRA","COMMISSION OF SATI PREVENTION ACT",0,0,0,0,0,0,0,0,0,0,0,0
"MANIPUR","COMMISSION OF SATI PREVENTION ACT",0,0,0,0,0,0,0,0,0,0,0,0
"MEGHALAYA","COMMISSION OF SATI PREVENTION ACT",0,0,0,0,0,0,0,0,0,0,0,0
"MIZORAM","COMMISSION OF SATI PREVENTION ACT",0,0,0,0,0,0,0,0,0,0,0,0
"NAGALAND","COMMISSION OF SATI PREVENTION ACT",0,0,0,0,0,0,0,0,0,0,0,0
"ODISHA","COMMISSION OF SATI PREVENTION ACT",0,0,0,0,0,0,0,0,0,0,0,0
"PUNJAB","COMMISSION OF SATI PREVENTION ACT",0,0,0,0,0,0,0,0,0,0,0,0
"RAJASTHAN","COMMISSION OF SATI PREVENTION ACT",0,0,0,0,1,0,0,0,0,0,0,0
"SIKKIM","COMMISSION OF SATI PREVENTION ACT",0,0,0,0,0,0,0,0,0,0,0,0
"TAMIL NADU","COMMISSION OF SATI PREVENTION ACT",0,0,0,0,0,0,0,0,0,0,0,0
"TRIPURA","COMMISSION OF SATI PREVENTION ACT",0,0,0,0,0,0,0,0,0,0,0,0
"UTTAR PRADESH","COMMISSION OF SATI PREVENTION ACT",0,0,0,0,0,0,0,0,0,0,0,0
"UTTARAKHAND","COMMISSION OF SATI PREVENTION ACT",0,0,0,0,0,0,0,0,0,0,0,0
"WEST BENGAL","COMMISSION OF SATI PREVENTION ACT",0,0,0,0,0,0,0,0,0,0,0,0
"TOTAL (STATES)","COMMISSION OF SATI PREVENTION ACT",0,0,0,0,1,0,0,1,0,0,1,0
"A & N ISLANDS","COMMISSION OF SATI PREVENTION ACT",0,0,0,0,0,0,0,0,0,0,0,0
"CHANDIGARH","COMMISSION OF SATI PREVENTION ACT",0,0,0,0,0,0,0,0,0,0,0,0
"D & N HAVELI","COMMISSION OF SATI PREVENTION ACT",0,0,0,0,0,0,0,0,0,0,0,0
"DAMAN & DIU","COMMISSION OF SATI PREVENTION ACT",0,0,0,0,0,0,0,0,0,0,0,0
"DELHI","COMMISSION OF SATI PREVENTION ACT",0,0,0,0,0,0,0,0,0,0,0,0
"LAKSHADWEEP","COMMISSION OF SATI PREVENTION ACT",0,0,0,0,0,0,0,0,0,0,0,0
"PUDUCHERRY","COMMISSION OF SATI PREVENTION ACT",0,0,0,0,0,0,0,0,0,0,0,0
"TOTAL (UTs)","COMMISSION OF SATI PREVENTION ACT",0,0,0,0,0,0,0,0,0,0,0,0
"TOTAL (ALL-INDIA)","COMMISSION OF SATI PREVENTION ACT",0,0,0,0,1,0,0,1,0,0,1,0
"ANDHRA PRADESH","TOTAL CRIMES AGAINST WOMEN",16477,18880,18382,18921,20819,21484,24738,24111,25569,27244,28246,28171
"ARUNACHAL PRADESH","TOTAL CRIMES AGAINST WOMEN",180,159,139,148,150,168,185,175,164,190,171,201
"ASSAM","TOTAL CRIMES AGAINST WOMEN",4243,5092,5312,5700,6027,6801,6844,8122,9721,11555,11503,13544
"BIHAR","TOTAL CRIMES AGAINST WOMEN",5356,5743,5900,8091,6019,6740,7548,8662,8803,8471,10231,11229
"CHHATTISGARH","TOTAL CRIMES AGAINST WOMEN",3989,3538,3336,3763,3599,3757,3775,3962,4002,4176,4219,4228
"GOA","TOTAL CRIMES AGAINST WOMEN",83,76,121,132,121,96,80,130,164,140,127,200
"GUJARAT","TOTAL CRIMES AGAINST WOMEN",5805,5373,5735,6211,6343,7279,8260,8616,8009,8148,8815,9561
"HARYANA","TOTAL CRIMES AGAINST WOMEN",3393,4385,4170,4276,4161,4617,4645,5142,5312,5562,5491,6002
"HIMACHAL PRADESH","TOTAL CRIMES AGAINST WOMEN",890,838,729,823,793,792,1018,979,954,1028,997,912
"JAMMU & KASHMIR","TOTAL CRIMES AGAINST WOMEN",1656,2016,2164,2208,2144,2432,2521,2295,2624,2611,3146,3328
"JHARKHAND","TOTAL CRIMES AGAINST WOMEN",2229,2490,2488,2490,2544,2979,3317,3183,3021,3087,3132,4536
"KARNATAKA","TOTAL CRIMES AGAINST WOMEN",6002,6170,5834,5423,6057,6084,6569,6891,7852,8807,9594,10366
"KERALA","TOTAL CRIMES AGAINST WOMEN",5450,5829,5653,6483,6762,7554,7837,8117,8049,9463,11288,10930
"MADHYA PRADESH","TOTAL CRIMES AGAINST WOMEN",14549,15260,14547,15203,14529,14321,15370,14908,15827,16468,16599,16832
"MAHARASHTRA","TOTAL CRIMES AGAINST WOMEN",12524,11322,11273,12169,13370,14452,14924,15862,15048,15737,15728,16353
"MANIPUR","TOTAL CRIMES AGAINST WOMEN",112,170,137,134,140,171,188,211,194,190,247,304
"MEGHALAYA","TOTAL CRIMES AGAINST WOMEN",66,71,69,113,131,176,172,208,237,261,269,255
"MIZORAM","TOTAL CRIMES AGAINST WOMEN",126,154,147,91,95,125,151,162,150,170,167,199
"NAGALAND","TOTAL CRIMES AGAINST WOMEN",30,26,25,30,37,43,32,47,46,41,38,51
"ODISHA","TOTAL CRIMES AGAINST WOMEN",5357,4779,4946,5239,6249,6825,7304,8303,8120,8501,9433,11988
"PUNJAB","TOTAL CRIMES AGAINST WOMEN",2361,2295,2375,1955,1969,2242,2694,2627,2631,2853,2641,3238
"RAJASTHAN","TOTAL CRIMES AGAINST WOMEN",12175,12049,11812,13127,11657,12934,14270,14491,17316,18182,19888,21106
"SIKKIM","TOTAL CRIMES AGAINST WOMEN",24,28,37,49,62,47,55,48,41,42,55,68
"TAMIL NADU","TOTAL CRIMES AGAINST WOMEN",10111,9798,8888,9332,8648,6489,7811,7220,6051,6708,6940,7192
"TRIPURA","TOTAL CRIMES AGAINST WOMEN",438,536,537,670,840,964,1067,1416,1517,1678,1358,1559
"UTTAR PRADESH","TOTAL CRIMES AGAINST WOMEN",20227,15647,12840,15485,14875,16375,20993,23569,23254,20169,22639,23569
"UTTARAKHAND","TOTAL CRIMES AGAINST WOMEN",749,870,886,988,786,1038,1097,1151,1188,1074,996,1067
"WEST BENGAL","TOTAL CRIMES AGAINST WOMEN",6570,6842,8508,11047,11887,12785,16544,20912,23307,26125,29133,30942
"TOTAL (STATES)","TOTAL CRIMES AGAINST WOMEN",141172,140436,136990,150301,150814,159770,180009,191520,199171,208681,223091,237931
"A & N ISLANDS","TOTAL CRIMES AGAINST WOMEN",34,27,22,27,22,36,56,80,92,85,51,49
"CHANDIGARH","TOTAL CRIMES AGAINST WOMEN",150,189,159,188,205,224,230,143,150,141,156,241
"D & N HAVELI","TOTAL CRIMES AGAINST WOMEN",19,15,13,22,24,32,18,28,20,30,18,16
"DAMAN & DIU","TOTAL CRIMES AGAINST WOMEN",10,8,10,7,10,9,11,15,13,14,11,11
"DELHI","TOTAL CRIMES AGAINST WOMEN",2291,2216,3282,3677,4351,4544,4804,3938,4251,4518,5234,5959
"LAKSHADWEEP","TOTAL CRIMES AGAINST WOMEN",0,2,4,1,0,1,5,4,1,1,0,2
"PUDUCHERRY","TOTAL CRIMES AGAINST WOMEN",119,141,121,110,127,149,179,129,106,115,89,61
"TOTAL (UTs)","TOTAL CRIMES AGAINST WOMEN",2623,2598,3611,4032,4739,4995,5303,4337,4633,4904,5559,6339
"TOTAL (ALL-INDIA)","TOTAL CRIMES AGAINST WOMEN",143795,143034,140601,154333,155553,164765,185312,195857,203804,213585,228650,244270
